{"cameraMode":{"drawMode":0,"name":"Shaded","section":"Shading Mode"},"sceneLighting":true,"audioPlay":false,"sceneViewState":{"showFog":true,"showMaterialUpdate":false,"showSkybox":true,"showFlares":true,"showImageEffects":true,"showParticleSystems":true},"in2DMode":false,"pivot":{"x":0.12121975421905518,"y":0.21386179327964784,"z":0.4444590210914612},"rotation":{"x":0.0010772815439850093,"y":0.9985515475273132,"z":-0.04916844516992569,"w":0.02187175303697586},"size":1.4730796813964844,"orthographic":false}