{"cameraMode":{"drawMode":0,"name":"Shaded","section":"Shading Mode"},"sceneLighting":true,"audioPlay":false,"sceneViewState":{"showFog":true,"showMaterialUpdate":false,"showSkybox":true,"showFlares":true,"showImageEffects":true,"showParticleSystems":true},"in2DMode":false,"pivot":{"x":0.09321095794439316,"y":-0.011620992794632912,"z":0.196283757686615},"rotation":{"x":0.0004251677601132542,"y":0.9994120597839356,"z":-0.03149189427495003,"w":0.013492928817868233},"size":1.3750159740447999,"orthographic":false}